Hotel Name,Location,Price,Rating,Score,Review,Link
FabHotel Falcon Inn -Behind the Dmart Baner,"Baner, Pune"," 1,760",Exceptional,10.0,5 reviews,https://www.booking.com/hotel/in/fabhotel-falcon-inn.html?label=gen173nr-1FCAEoggI46AdIM1gEaGyIAQGYATG4ARfIAQzYAQHoAQH4AQKIAgGoAgO4AtLy5r0GwAIB0gIkNDkzNDE3OTAtN2QxNi00ODM2LWIwMTQtNGQ1YTY2Mjk1MWI12AIF4AIB&aid=304142&ucfs=1&arphpl=1&checkin=2025-03-01&checkout=2025-03-02&dest_id=-2108361&dest_type=city&group_adults=2&req_adults=2&no_rooms=1&group_children=0&req_children=0&hpos=1&hapos=1&sr_order=popularity&srpvid=ffac61bf474b03b1&srepoch=1740232448&all_sr_blocks=1311924601_404018933_2_0_0&highlighted_blocks=1311924601_404018933_2_0_0&matching_block_id=1311924601_404018933_2_0_0&sr_pri_blocks=1311924601_404018933_2_0_0__176040&from=searchresults
Marriott Suites Pune,"Viman Nagar, Pune"," 11,500",Wonderful,9.1,311 reviews,https://www.booking.com/hotel/in/marriott-suites-pune.html?label=gen173nr-1FCAEoggI46AdIM1gEaGyIAQGYATG4ARfIAQzYAQHoAQH4AQKIAgGoAgO4AtLy5r0GwAIB0gIkNDkzNDE3OTAtN2QxNi00ODM2LWIwMTQtNGQ1YTY2Mjk1MWI12AIF4AIB&aid=304142&ucfs=1&arphpl=1&checkin=2025-03-01&checkout=2025-03-02&dest_id=-2108361&dest_type=city&group_adults=2&req_adults=2&no_rooms=1&group_children=0&req_children=0&hpos=2&hapos=2&sr_order=popularity&srpvid=ffac61bf474b03b1&srepoch=1740232448&all_sr_blocks=30561013_246430131_2_34_0&highlighted_blocks=30561013_246430131_2_34_0&matching_block_id=30561013_246430131_2_34_0&sr_pri_blocks=30561013_246430131_2_34_0__1150000&nad_id=7c109763-a23b-4bc9-8b9e-1ecb9c08f1c2_0&nad_cpc=0.5&nad_track=eyJhdWN0aW9uRXBvY2giOjE3NDAyMzI0NDc3OTYsInJhbmsiOjEsImtvZGRpVHJhY2tpbmdJbmZvIjoiRXVlRTluUjFwaktBK3dXTGlrcm4rSUdOZGcwUG9BVTNPTklCWDdRM21UWUZlRXp3OU9OdmFzUm9FS1JXelJ3OXJuN1AvNDJMWHlQNVJvODMzMndBL0J4VzZlUjNXWWJpNGVHS3E1THV4VGl6Q0dzV3gwdmVjbE1VZk9wSFpxVmVYN2NXa05FbjJhczEwenNTK3M4NmlGVks3Nks2cVVPUmd5TVMrT1RDazZlTmY0ZmVOeDNjUHJ5OGtEaUNuVHZHcGNJYWtUNkFIUll6T1gzS1lqSHJYL1lGZjVOTWZheXpOVnl0NU1hSEVOUzAyeEI1aTZzdTlpWHpjdU8wZGlnbWVleFpWak9aT0NsS0Z0UXg4SXA0OHdCL0dRd28xbm5SWm0wNVo3RlR0bklxNTR0aE80b0grOVEvSmx3czBjb0pjcVlWY2xqUE43MWUyN2JPMTY1Z1RoTG5IUlkyUWVWMFVpcHZZbWV2aGFEOTI3MHBIT0xjUGkrQnI0Z2JOaU56REIyT0NtRkJrSHhzVC9aNWNSdnJEZDA5YVNYT2xwUWt3azNJWkEwYTQyMEJtczJmbmNVbS81SmtGT2xWWlNxRXRQNzY1cGRPa0E3ZEhxeDk5eDJLbURqVUszbFdsZXh5Y2JNNGk2YXJqcVJZUHN4d3Y3Zi9ObGFTYlM1V2xYNEpPS0RtdUJmbTQxdzZxVnA1UW1WeWNLaTdDcGEvb3AvWkpkM1J4aWNmdXNHMmJ3YTJ0em5UaFljVVp0a012eE1iVnV3aVNCZ1lEalAvV1JRMXNPUmxOM2lZSVNIdU9LL2xjSDNaVXBzZVhiV1pHUU1ESWZwVTQ4cXBod1htamtnTVAvbCtOaVRNck5hellvYitnS3RETHJsb2tVRXFPUmw3bWNPTUhLUEpQYklidm8renN6UWFOaklXSWtpTGZraG5yNkQxTWx2a1c2L1ZYWlVNU0VJWU9STzBoV1FITUFHVERPWnNrWThvSDNvcWpCYzluMjhhMkpYUU9zWlR5dC9PVW1abFh5eW5zdWtNL042REp6SFBqRTExdjBaSXhTVzRSTUFSQ3UvMVN3RjhFTlVNdEMzUWcxcDk5WXRYSjY4MmtqNE5PQzdBOTFocjVvdUpQdUNMaE1JNHZOMDNGUmpDempmdytjYnFiTWJQWXl0Z1k1Q0ZBU0w4Y1NFcWVwQ0V1a00ydy9rbjNlcXpyZWxvU0RvNWx4d1d2empjRHpKbklSamJpdXR1aTlDZGQ5SW5tS0RFcm84bEtqRnlBcXFYcjV5cU9PRllTQi94LytaQjVrUnFXMkd6TVR5Ui8rQWtEd2lqd3RYNjdVaTJ4Skd5TFkvQkFmYWYzZngwRzRweUhIdEF5QmV2dUxtZkExaGdaS1UvQ1NKejJaam45TVhOWmowa2gybFZld3lGZThwVGZQRW5lWmV2b0xjNkJwY2srdVA5anpuY1VYaEtYaGI0LzlKSG5nTnR5WVJTYWhENGxCcU5nYUJMeVhYeHZlZ2dFQk83d0ZrZmpoaHZPcXBPT0xSMzBadE4rTmZDWithN1BZNGF0Y2pmcm1jZTNKZE4yZW1TY3d0UFdlTGU1NzBXd3JxRCtmeU93OTVDVkllbmoxczMyZ2pGaE5GdFgvSEZZRi92bFdaY0s2dU91czZjNXduZkVnd1lzTXNCcC9ROEVodFpjNnQ5eXZQV2VNSmJUVlNEbi8rdmpORWdyQ05XZ1pjY1NlMkpOTzlZZkdybmRXVkZ2djdUeFcvTHppRyt3V24xL2Y1WUVmeWZHM2R1NWxMcWN2ZEpqMTdndnlTTzI1azg5dTRuMTByMHdBdkRsUStraWMzQTFzYzVWK1l2TEg5RkZ0VkNZNmJXTVhDaUhtV3VNVEhRTi9YUURiYVE0M3h6ek1NNTBEcXFzdkM1d0diRFVwenBMWERmRW81NHJEUlVJSWVsS0xVQURzMHAzTk9mSExIZ05xQlNodEl3bFVDUm9Qcy9CTWN1RjlFbE9wR3JSZmVWVWtEL1ptY28rSmVtcXZVK2hPTkdtWWM5RldrekszcnUrandGWmpMdFJaL2MzOEh1ZXRiOWduT21PbHhPMkFveWxGRVZ6SjlDWnZEbUhRK3ZGUTdaZ2RrZnZKVWwxcVdyR05ROWFzdnFoZ1dVNUpHZ2lRN25NSnIwMzJPcUhQWmhhY1R5ekgrRGh5eFRaY2tNZFBPTTlzempMaVh4RklabDF3R2RRUGloT3hJZ3JKejd1YWlBUTN3S2pvcnd4bVB6c2t3cGw1VWswRi8veE1aclZkTEY3ZEd1cm5talVNS3loaCtYQlJJMzZlcDhuem9ZcEtWL0NNd1M1cE55T3JIOFZsZkt6RmR5QVQyYkppUlJEcHEwYVpobGh6SVhBa1pYUW5vR1N6dVVYUkkrQW1oL01xeXk1SEx6R3lkVVBtVnNWVnRSeDJGZ2FQTkx4R0RJbFduSC8rcTdiaDkxc2U4V053bEMyclpWM1BldVZVTFo0allQeEM4RmxmSzJmclZNaW4zWk1SaVpSZ1ZuOWgzNmtoYTA0ejVxZS9zeFR1STkwMTRBOE45eStaSkNTai9tUzM5alU0WVpXSHg5L1RtcEl4S2xtLzFDanROQys5TFQ0VTZFNWlES0M5SjhGNWM0Nk5BLzFOWStyRFBZMmFUZ0FpdXhoVzJUTmxtUjM2YnNwdWloS00xcWZ6eVM5ZWdpNGJFSXRmOThvV203c1ZrVWNlcXo0MXV3R3FKVUtLRWFxN2crc1JyREV5dGlsM3RpT2JqeU93eGpjaHlueW9CbmdjWnVpZzJ1clZCOEZGam94d2Y5ZDc5YmpUVXRGNzVScnNyNEJnbHVOTWpTbm9SUkx2ejVYMmhBS3ladmV0SHhrZ1BkSUJyYUtFTUZyRmhydzVSbTFWeGJmNkdLRmgxb045L0c3VmgrRmhvVmFkakNNcHRaeUxwZ2I2RUlWVURKa213NnN4Q0lRZTVZREIrdi9GTHJYV1dqbnlLYy9tWEo2L0JuRTN3RVcvQkJRck5qcUhwT0lZVERiWDhQNHdPcE53V3FEY2dCU0xTWTN3WHRSNzFPVWZ5RSt4TzBXaHEwMWtmd3REWmptQjlMemJzOFVLZzdvL1lhU1lsQ0VqOE1VUlZha0hVNkIzK0YwdFFLaGsxcWY3SDZFOG91Q1dSZi9FU2t3cldlWmVDa1ZPRDA4Qi9RSWwrOWRGZ1hYVmNVV1VOOXFQMTZuYTJzRFk4NGJnVW1PaElKRmV4ODNCYTZJRksyK0Z6bkFjRGQ1c3F1VXBpdVFYeVlCYytqTGZreXYzVHAveWFSVlcvRFVEYU84Q2RaV2tNSnBuMVFKbXdDR2F6RDVNZ3VQTzV6RklOY0pkUXAxMzlxSU9TY3BMQXJlOGE1T2ppY2E2MjhvcGtiaXRqRS9XVnozakR6YWU4V21SSVFBZ1E5cjJFdU1XQ1kwR3lWSkFYRDM5aWNlR29TMXNZTnphcysifQ%3D%3D&from=searchresults
Hyatt Regency Pune Hotel & Residences,"Viman Nagar, Pune"," 8,000",Very Good,8.4,795 reviews,https://www.booking.com/hotel/in/hyatt-regency-pune.html?label=gen173nr-1FCAEoggI46AdIM1gEaGyIAQGYATG4ARfIAQzYAQHoAQH4AQKIAgGoAgO4AtLy5r0GwAIB0gIkNDkzNDE3OTAtN2QxNi00ODM2LWIwMTQtNGQ1YTY2Mjk1MWI12AIF4AIB&aid=304142&ucfs=1&arphpl=1&checkin=2025-03-01&checkout=2025-03-02&dest_id=-2108361&dest_type=city&group_adults=2&req_adults=2&no_rooms=1&group_children=0&req_children=0&hpos=3&hapos=3&sr_order=popularity&srpvid=ffac61bf474b03b1&srepoch=1740232448&all_sr_blocks=33676118_336340948_2_42_0&highlighted_blocks=33676118_336340948_2_42_0&matching_block_id=33676118_336340948_2_42_0&sr_pri_blocks=33676118_336340948_2_42_0__800000&from=searchresults
Novotel Pune Viman Nagar Road,"Viman Nagar, Pune"," 6,361",Very Good,8.5,"2,046 reviews",https://www.booking.com/hotel/in/novotel-pune.html?label=gen173nr-1FCAEoggI46AdIM1gEaGyIAQGYATG4ARfIAQzYAQHoAQH4AQKIAgGoAgO4AtLy5r0GwAIB0gIkNDkzNDE3OTAtN2QxNi00ODM2LWIwMTQtNGQ1YTY2Mjk1MWI12AIF4AIB&aid=304142&ucfs=1&arphpl=1&checkin=2025-03-01&checkout=2025-03-02&dest_id=-2108361&dest_type=city&group_adults=2&req_adults=2&no_rooms=1&group_children=0&req_children=0&hpos=4&hapos=4&sr_order=popularity&srpvid=ffac61bf474b03b1&srepoch=1740232448&all_sr_blocks=78930503_407336536_3_34_0&highlighted_blocks=78930503_407336536_3_34_0&matching_block_id=78930503_407336536_3_34_0&sr_pri_blocks=78930503_407336536_3_34_0__636100&from_sustainable_property_sr=1&from=searchresults
Hyatt Place Pune Hinjawadi,"Hinjawadi, Pune"," 5,800",Very Good,8.5,829 reviews,https://www.booking.com/hotel/in/hyatt-place-pune-47-hinjewadi.html?label=gen173nr-1FCAEoggI46AdIM1gEaGyIAQGYATG4ARfIAQzYAQHoAQH4AQKIAgGoAgO4AtLy5r0GwAIB0gIkNDkzNDE3OTAtN2QxNi00ODM2LWIwMTQtNGQ1YTY2Mjk1MWI12AIF4AIB&aid=304142&ucfs=1&arphpl=1&checkin=2025-03-01&checkout=2025-03-02&dest_id=-2108361&dest_type=city&group_adults=2&req_adults=2&no_rooms=1&group_children=0&req_children=0&hpos=5&hapos=5&sr_order=popularity&srpvid=ffac61bf474b03b1&srepoch=1740232448&all_sr_blocks=128446804_287747399_2_41_0&highlighted_blocks=128446804_287747399_2_41_0&matching_block_id=128446804_287747399_2_41_0&sr_pri_blocks=128446804_287747399_2_41_0__580000&from=searchresults
ibis Pune Viman Nagar - An Accor Brand,"Viman Nagar, Pune"," 4,200",Review score,6.8,"1,029 reviews",https://www.booking.com/hotel/in/ibis-pune.html?label=gen173nr-1FCAEoggI46AdIM1gEaGyIAQGYATG4ARfIAQzYAQHoAQH4AQKIAgGoAgO4AtLy5r0GwAIB0gIkNDkzNDE3OTAtN2QxNi00ODM2LWIwMTQtNGQ1YTY2Mjk1MWI12AIF4AIB&aid=304142&ucfs=1&arphpl=1&checkin=2025-03-01&checkout=2025-03-02&dest_id=-2108361&dest_type=city&group_adults=2&req_adults=2&no_rooms=1&group_children=0&req_children=0&hpos=6&hapos=6&sr_order=popularity&srpvid=ffac61bf474b03b1&srepoch=1740232448&all_sr_blocks=24036202_94359648_2_2_0_815177&highlighted_blocks=24036202_94359648_2_2_0_815177&matching_block_id=24036202_94359648_2_2_0_815177&sr_pri_blocks=24036202_94359648_2_2_0_815177_420000&from=searchresults
Crowne Plaza Pune City Centre by IHG,Pune," 5,724",Good,7.1,742 reviews,https://www.booking.com/hotel/in/crowne-plaza-pune-city-centre.html?label=gen173nr-1FCAEoggI46AdIM1gEaGyIAQGYATG4ARfIAQzYAQHoAQH4AQKIAgGoAgO4AtLy5r0GwAIB0gIkNDkzNDE3OTAtN2QxNi00ODM2LWIwMTQtNGQ1YTY2Mjk1MWI12AIF4AIB&aid=304142&ucfs=1&arphpl=1&checkin=2025-03-01&checkout=2025-03-02&dest_id=-2108361&dest_type=city&group_adults=2&req_adults=2&no_rooms=1&group_children=0&req_children=0&hpos=7&hapos=7&sr_order=popularity&srpvid=ffac61bf474b03b1&srepoch=1740232448&all_sr_blocks=32065425_94407901_2_42_0&highlighted_blocks=32065425_94407901_2_42_0&matching_block_id=32065425_94407901_2_42_0&sr_pri_blocks=32065425_94407901_2_42_0__572400&from=searchresults
Essentia Premier Hotel Pune Wakad,"Pimpri, Pune"," 4,321",Excellent,8.7,153 reviews,https://www.booking.com/hotel/in/essentia-premier-pune.html?label=gen173nr-1FCAEoggI46AdIM1gEaGyIAQGYATG4ARfIAQzYAQHoAQH4AQKIAgGoAgO4AtLy5r0GwAIB0gIkNDkzNDE3OTAtN2QxNi00ODM2LWIwMTQtNGQ1YTY2Mjk1MWI12AIF4AIB&aid=304142&ucfs=1&arphpl=1&checkin=2025-03-01&checkout=2025-03-02&dest_id=-2108361&dest_type=city&group_adults=2&req_adults=2&no_rooms=1&group_children=0&req_children=0&hpos=8&hapos=8&sr_order=popularity&srpvid=ffac61bf474b03b1&srepoch=1740232448&all_sr_blocks=1202629602_392519767_2_0_0&highlighted_blocks=1202629602_392519767_2_0_0&matching_block_id=1202629602_392519767_2_0_0&sr_pri_blocks=1202629602_392519767_2_0_0__432149&from=searchresults
Hyatt Pune,"Kalyani Nagar, Pune"," 6,450",Very Good,8.1,"1,578 reviews",https://www.booking.com/hotel/in/hyatt-pune.html?label=gen173nr-1FCAEoggI46AdIM1gEaGyIAQGYATG4ARfIAQzYAQHoAQH4AQKIAgGoAgO4AtLy5r0GwAIB0gIkNDkzNDE3OTAtN2QxNi00ODM2LWIwMTQtNGQ1YTY2Mjk1MWI12AIF4AIB&aid=304142&ucfs=1&arphpl=1&checkin=2025-03-01&checkout=2025-03-02&dest_id=-2108361&dest_type=city&group_adults=2&req_adults=2&no_rooms=1&group_children=0&req_children=0&hpos=9&hapos=9&sr_order=popularity&srpvid=ffac61bf474b03b1&srepoch=1740232448&all_sr_blocks=29758808_93726200_2_42_0&highlighted_blocks=29758808_93726200_2_42_0&matching_block_id=29758808_93726200_2_42_0&sr_pri_blocks=29758808_93726200_2_42_0__645000&from=searchresults
C Suites - Grand Central,"Pimpri, Pune"," 2,750",Review score,5.7,40 reviews,https://www.booking.com/hotel/in/c-suites-vj-grand-central.html?label=gen173nr-1FCAEoggI46AdIM1gEaGyIAQGYATG4ARfIAQzYAQHoAQH4AQKIAgGoAgO4AtLy5r0GwAIB0gIkNDkzNDE3OTAtN2QxNi00ODM2LWIwMTQtNGQ1YTY2Mjk1MWI12AIF4AIB&aid=304142&ucfs=1&arphpl=1&checkin=2025-03-01&checkout=2025-03-02&dest_id=-2108361&dest_type=city&group_adults=2&req_adults=2&no_rooms=1&group_children=0&req_children=0&hpos=10&hapos=10&sr_order=popularity&srpvid=ffac61bf474b03b1&srepoch=1740232448&all_sr_blocks=1141670501_392911528_2_10_0&highlighted_blocks=1141670501_392911528_2_10_0&matching_block_id=1141670501_392911528_2_10_0&sr_pri_blocks=1141670501_392911528_2_10_0__275000&from=searchresults
Amanora The Fern Hotels & Club,"Hadapsar, Pune"," 6,258",Excellent,8.7,190 reviews,https://www.booking.com/hotel/in/amanora-the-fern-pune.html?label=gen173nr-1FCAEoggI46AdIM1gEaGyIAQGYATG4ARfIAQzYAQHoAQH4AQKIAgGoAgO4AtLy5r0GwAIB0gIkNDkzNDE3OTAtN2QxNi00ODM2LWIwMTQtNGQ1YTY2Mjk1MWI12AIF4AIB&aid=304142&ucfs=1&arphpl=1&checkin=2025-03-01&checkout=2025-03-02&dest_id=-2108361&dest_type=city&group_adults=2&req_adults=2&no_rooms=1&group_children=0&req_children=0&hpos=11&hapos=11&sr_order=popularity&srpvid=ffac61bf474b03b1&srepoch=1740232448&all_sr_blocks=232824206_100553547_2_2_0_471000&highlighted_blocks=232824206_100553547_2_2_0_471000&matching_block_id=232824206_100553547_2_2_0_471000&sr_pri_blocks=232824206_100553547_2_2_0_471000_625813&from=searchresults
O Hotel Pune,"Koregaon Park, Pune"," 7,758",Good,7.3,"1,082 reviews",https://www.booking.com/hotel/in/the-o.html?label=gen173nr-1FCAEoggI46AdIM1gEaGyIAQGYATG4ARfIAQzYAQHoAQH4AQKIAgGoAgO4AtLy5r0GwAIB0gIkNDkzNDE3OTAtN2QxNi00ODM2LWIwMTQtNGQ1YTY2Mjk1MWI12AIF4AIB&aid=304142&ucfs=1&arphpl=1&checkin=2025-03-01&checkout=2025-03-02&dest_id=-2108361&dest_type=city&group_adults=2&req_adults=2&no_rooms=1&group_children=0&req_children=0&hpos=12&hapos=12&sr_order=popularity&srpvid=ffac61bf474b03b1&srepoch=1740232448&all_sr_blocks=29815002_369988669_2_42_0&highlighted_blocks=29815002_369988669_2_42_0&matching_block_id=29815002_369988669_2_42_0&sr_pri_blocks=29815002_369988669_2_42_0__775760&from=searchresults
Sayaji Pune,"Pimpri, Pune"," 5,750",Good,7.7,641 reviews,https://www.booking.com/hotel/in/sayaji.html?label=gen173nr-1FCAEoggI46AdIM1gEaGyIAQGYATG4ARfIAQzYAQHoAQH4AQKIAgGoAgO4AtLy5r0GwAIB0gIkNDkzNDE3OTAtN2QxNi00ODM2LWIwMTQtNGQ1YTY2Mjk1MWI12AIF4AIB&aid=304142&ucfs=1&arphpl=1&checkin=2025-03-01&checkout=2025-03-02&dest_id=-2108361&dest_type=city&group_adults=2&req_adults=2&no_rooms=1&group_children=0&req_children=0&hpos=13&hapos=13&sr_order=popularity&srpvid=ffac61bf474b03b1&srepoch=1740232448&all_sr_blocks=42638201_365076832_2_2_0_434116&highlighted_blocks=42638201_365076832_2_2_0_434116&matching_block_id=42638201_365076832_2_2_0_434116&sr_pri_blocks=42638201_365076832_2_2_0_434116_575000&from=searchresults
Conrad Pune,"Koregaon Park, Pune"," 15,000",Excellent,8.9,562 reviews,https://www.booking.com/hotel/in/conrad-pune.html?label=gen173nr-1FCAEoggI46AdIM1gEaGyIAQGYATG4ARfIAQzYAQHoAQH4AQKIAgGoAgO4AtLy5r0GwAIB0gIkNDkzNDE3OTAtN2QxNi00ODM2LWIwMTQtNGQ1YTY2Mjk1MWI12AIF4AIB&aid=304142&ucfs=1&arphpl=1&checkin=2025-03-01&checkout=2025-03-02&dest_id=-2108361&dest_type=city&group_adults=2&req_adults=2&no_rooms=1&group_children=0&req_children=0&hpos=14&hapos=14&sr_order=popularity&srpvid=ffac61bf474b03b1&srepoch=1740232448&all_sr_blocks=147245301_274561810_2_34_0&highlighted_blocks=147245301_274561810_2_34_0&matching_block_id=147245301_274561810_2_34_0&sr_pri_blocks=147245301_274561810_2_34_0__1500000&from_sustainable_property_sr=1&from=searchresults
Four Points by Sheraton Hotel and Serviced Apartments Pune,"Viman Nagar, Pune"," 5,999",Good,7.9,626 reviews,https://www.booking.com/hotel/in/four-points-by-sheraton-pune.html?label=gen173nr-1FCAEoggI46AdIM1gEaGyIAQGYATG4ARfIAQzYAQHoAQH4AQKIAgGoAgO4AtLy5r0GwAIB0gIkNDkzNDE3OTAtN2QxNi00ODM2LWIwMTQtNGQ1YTY2Mjk1MWI12AIF4AIB&aid=304142&ucfs=1&arphpl=1&checkin=2025-03-01&checkout=2025-03-02&dest_id=-2108361&dest_type=city&group_adults=2&req_adults=2&no_rooms=1&group_children=0&req_children=0&hpos=15&hapos=15&sr_order=popularity&srpvid=ffac61bf474b03b1&srepoch=1740232448&all_sr_blocks=29999519_246430108_2_42_0&highlighted_blocks=29999519_246430108_2_42_0&matching_block_id=29999519_246430108_2_42_0&sr_pri_blocks=29999519_246430108_2_42_0__599900&from=searchresults
Bloom Hotel Koregaon Park,"Koregaon Park, Pune"," 3,780",Very Good,8.0,167 reviews,https://www.booking.com/hotel/in/bloom-koregaon-park.html?label=gen173nr-1FCAEoggI46AdIM1gEaGyIAQGYATG4ARfIAQzYAQHoAQH4AQKIAgGoAgO4AtLy5r0GwAIB0gIkNDkzNDE3OTAtN2QxNi00ODM2LWIwMTQtNGQ1YTY2Mjk1MWI12AIF4AIB&aid=304142&ucfs=1&arphpl=1&checkin=2025-03-01&checkout=2025-03-02&dest_id=-2108361&dest_type=city&group_adults=2&req_adults=2&no_rooms=1&group_children=0&req_children=0&hpos=16&hapos=16&sr_order=popularity&srpvid=ffac61bf474b03b1&srepoch=1740232448&all_sr_blocks=984657701_397121261_2_2_0_99284&highlighted_blocks=984657701_397121261_2_2_0_99284&matching_block_id=984657701_397121261_2_2_0_99284&sr_pri_blocks=984657701_397121261_2_2_0_99284_378000&from=searchresults
Radisson Blu Pune Hinjawadi,"Hinjawadi, Pune"," 8,100",Good,7.7,241 reviews,https://www.booking.com/hotel/in/radisson-blu-pune-hinjewadi.html?label=gen173nr-1FCAEoggI46AdIM1gEaGyIAQGYATG4ARfIAQzYAQHoAQH4AQKIAgGoAgO4AtLy5r0GwAIB0gIkNDkzNDE3OTAtN2QxNi00ODM2LWIwMTQtNGQ1YTY2Mjk1MWI12AIF4AIB&aid=304142&ucfs=1&arphpl=1&checkin=2025-03-01&checkout=2025-03-02&dest_id=-2108361&dest_type=city&group_adults=2&req_adults=2&no_rooms=1&group_children=0&req_children=0&hpos=17&hapos=17&sr_order=popularity&srpvid=ffac61bf474b03b1&srepoch=1740232448&all_sr_blocks=215421006_97002067_2_42_0&highlighted_blocks=215421006_97002067_2_42_0&matching_block_id=215421006_97002067_2_42_0&sr_pri_blocks=215421006_97002067_2_42_0__810000&from=searchresults
Radisson Blu Hotel Pune Kharadi,"Kharadi, Pune"," 7,399",Good,7.6,"1,023 reviews",https://www.booking.com/hotel/in/radisson-pune-kharadi.html?label=gen173nr-1FCAEoggI46AdIM1gEaGyIAQGYATG4ARfIAQzYAQHoAQH4AQKIAgGoAgO4AtLy5r0GwAIB0gIkNDkzNDE3OTAtN2QxNi00ODM2LWIwMTQtNGQ1YTY2Mjk1MWI12AIF4AIB&aid=304142&ucfs=1&arphpl=1&checkin=2025-03-01&checkout=2025-03-02&dest_id=-2108361&dest_type=city&group_adults=2&req_adults=2&no_rooms=1&group_children=0&req_children=0&hpos=18&hapos=18&sr_order=popularity&srpvid=ffac61bf474b03b1&srepoch=1740232448&all_sr_blocks=33318701_94415860_2_1_0&highlighted_blocks=33318701_94415860_2_1_0&matching_block_id=33318701_94415860_2_1_0&sr_pri_blocks=33318701_94415860_2_1_0__739900&from=searchresults
Blue Diamond Pune IHCL SeleQtions,"Koregaon Park, Pune"," 6,435",Very Good,8.4,520 reviews,https://www.booking.com/hotel/in/taj-blue-diamond.html?label=gen173nr-1FCAEoggI46AdIM1gEaGyIAQGYATG4ARfIAQzYAQHoAQH4AQKIAgGoAgO4AtLy5r0GwAIB0gIkNDkzNDE3OTAtN2QxNi00ODM2LWIwMTQtNGQ1YTY2Mjk1MWI12AIF4AIB&aid=304142&ucfs=1&arphpl=1&checkin=2025-03-01&checkout=2025-03-02&dest_id=-2108361&dest_type=city&group_adults=2&req_adults=2&no_rooms=1&group_children=0&req_children=0&hpos=19&hapos=19&sr_order=popularity&srpvid=ffac61bf474b03b1&srepoch=1740232448&all_sr_blocks=7471101_402016873_2_41_0_802871&highlighted_blocks=7471101_402016873_2_41_0_802871&matching_block_id=7471101_402016873_2_41_0_802871&sr_pri_blocks=7471101_402016873_2_41_0_802871_643500&from_sustainable_property_sr=1&from=searchresults
Treebo Diamond Residency - DDPK Inn,"Viman Nagar, Pune"," 1,704",Good,7.3,256 reviews,https://www.booking.com/hotel/in/fabhotel-ajay-inn-viman-nagar.html?label=gen173nr-1FCAEoggI46AdIM1gEaGyIAQGYATG4ARfIAQzYAQHoAQH4AQKIAgGoAgO4AtLy5r0GwAIB0gIkNDkzNDE3OTAtN2QxNi00ODM2LWIwMTQtNGQ1YTY2Mjk1MWI12AIF4AIB&aid=304142&ucfs=1&arphpl=1&checkin=2025-03-01&checkout=2025-03-02&dest_id=-2108361&dest_type=city&group_adults=2&req_adults=2&no_rooms=1&group_children=0&req_children=0&hpos=20&hapos=20&sr_order=popularity&srpvid=ffac61bf474b03b1&srepoch=1740232448&all_sr_blocks=412480302_400593051_2_1_0_35060&highlighted_blocks=412480302_400593051_2_1_0_35060&matching_block_id=412480302_400593051_2_1_0_35060&sr_pri_blocks=412480302_400593051_2_1_0_35060_170405&from=searchresults
Lemon Tree Premier City Center Pune,Pune," 6,406",Good,7.8,451 reviews,https://www.booking.com/hotel/in/lemon-tree-premier-city-center-pune.html?label=gen173nr-1FCAEoggI46AdIM1gEaGyIAQGYATG4ARfIAQzYAQHoAQH4AQKIAgGoAgO4AtLy5r0GwAIB0gIkNDkzNDE3OTAtN2QxNi00ODM2LWIwMTQtNGQ1YTY2Mjk1MWI12AIF4AIB&aid=304142&ucfs=1&arphpl=1&checkin=2025-03-01&checkout=2025-03-02&dest_id=-2108361&dest_type=city&group_adults=2&req_adults=2&no_rooms=1&group_children=0&req_children=0&hpos=21&hapos=21&sr_order=popularity&srpvid=ffac61bf474b03b1&srepoch=1740232448&all_sr_blocks=412368801_371593365_2_34_0&highlighted_blocks=412368801_371593365_2_34_0&matching_block_id=412368801_371593365_2_34_0&sr_pri_blocks=412368801_371593365_2_34_0__640640&from=searchresults
"Vivanta Pune, Hinjawadi","Hinjawadi, Pune"," 7,740",Very Good,8.0,569 reviews,https://www.booking.com/hotel/in/the-gateway-hinjawadi.html?label=gen173nr-1FCAEoggI46AdIM1gEaGyIAQGYATG4ARfIAQzYAQHoAQH4AQKIAgGoAgO4AtLy5r0GwAIB0gIkNDkzNDE3OTAtN2QxNi00ODM2LWIwMTQtNGQ1YTY2Mjk1MWI12AIF4AIB&aid=304142&ucfs=1&arphpl=1&checkin=2025-03-01&checkout=2025-03-02&dest_id=-2108361&dest_type=city&group_adults=2&req_adults=2&no_rooms=1&group_children=0&req_children=0&hpos=22&hapos=22&sr_order=popularity&srpvid=ffac61bf474b03b1&srepoch=1740232448&all_sr_blocks=149045101_270991199_2_41_0_780387&highlighted_blocks=149045101_270991199_2_41_0_780387&matching_block_id=149045101_270991199_2_41_0_780387&sr_pri_blocks=149045101_270991199_2_41_0_780387_774000&from=searchresults
Hotel Elite Stay,"Kharadi, Pune"," 2,188",Exceptional,9.8,6 reviews,https://www.booking.com/hotel/in/elite-stay-pune.html?label=gen173nr-1FCAEoggI46AdIM1gEaGyIAQGYATG4ARfIAQzYAQHoAQH4AQKIAgGoAgO4AtLy5r0GwAIB0gIkNDkzNDE3OTAtN2QxNi00ODM2LWIwMTQtNGQ1YTY2Mjk1MWI12AIF4AIB&aid=304142&ucfs=1&arphpl=1&checkin=2025-03-01&checkout=2025-03-02&dest_id=-2108361&dest_type=city&group_adults=2&req_adults=2&no_rooms=1&group_children=0&req_children=0&hpos=23&hapos=23&sr_order=popularity&srpvid=ffac61bf474b03b1&srepoch=1740232448&all_sr_blocks=1281206402_404847248_2_0_0_737900&highlighted_blocks=1281206402_404847248_2_0_0_737900&matching_block_id=1281206402_404847248_2_0_0_737900&sr_pri_blocks=1281206402_404847248_2_0_0_737900_218775&from=searchresults
Treebo Premium Niraali Executive,"Hinjawadi, Pune"," 3,720",Good,7.2,285 reviews,https://www.booking.com/hotel/in/treebo-niraali-executive.html?label=gen173nr-1FCAEoggI46AdIM1gEaGyIAQGYATG4ARfIAQzYAQHoAQH4AQKIAgGoAgO4AtLy5r0GwAIB0gIkNDkzNDE3OTAtN2QxNi00ODM2LWIwMTQtNGQ1YTY2Mjk1MWI12AIF4AIB&aid=304142&ucfs=1&arphpl=1&checkin=2025-03-01&checkout=2025-03-02&dest_id=-2108361&dest_type=city&group_adults=2&req_adults=2&no_rooms=1&group_children=0&req_children=0&hpos=24&hapos=24&sr_order=popularity&srpvid=ffac61bf474b03b1&srepoch=1740232448&all_sr_blocks=183047101_397214408_2_33_0_35761&highlighted_blocks=183047101_397214408_2_33_0_35761&matching_block_id=183047101_397214408_2_33_0_35761&sr_pri_blocks=183047101_397214408_2_33_0_35761_371967&from=searchresults
The Royal Luxury stay,"Koregaon Park, Pune"," 2,700",Very Good,8.0,151 reviews,https://www.booking.com/hotel/in/royal-plam-hospitality-services.html?label=gen173nr-1FCAEoggI46AdIM1gEaGyIAQGYATG4ARfIAQzYAQHoAQH4AQKIAgGoAgO4AtLy5r0GwAIB0gIkNDkzNDE3OTAtN2QxNi00ODM2LWIwMTQtNGQ1YTY2Mjk1MWI12AIF4AIB&aid=304142&ucfs=1&arphpl=1&checkin=2025-03-01&checkout=2025-03-02&dest_id=-2108361&dest_type=city&group_adults=2&req_adults=2&no_rooms=1&group_children=0&req_children=0&hpos=25&hapos=25&sr_order=popularity&srpvid=ffac61bf474b03b1&srepoch=1740232448&all_sr_blocks=718706001_305087167_6_0_0&highlighted_blocks=718706001_305087167_6_0_0&matching_block_id=718706001_305087167_6_0_0&sr_pri_blocks=718706001_305087167_6_0_0__270000&from=searchresults
"Treebo Luxe Suite, Shivaji Nagar",Pune," 3,005",Good,7.4,149 reviews,https://www.booking.com/hotel/in/treebo-trend-luxe-suite.html?label=gen173nr-1FCAEoggI46AdIM1gEaGyIAQGYATG4ARfIAQzYAQHoAQH4AQKIAgGoAgO4AtLy5r0GwAIB0gIkNDkzNDE3OTAtN2QxNi00ODM2LWIwMTQtNGQ1YTY2Mjk1MWI12AIF4AIB&aid=304142&ucfs=1&arphpl=1&checkin=2025-03-01&checkout=2025-03-02&dest_id=-2108361&dest_type=city&group_adults=2&req_adults=2&no_rooms=1&group_children=0&req_children=0&hpos=26&hapos=26&sr_order=popularity&srpvid=ffac61bf474b03b1&srepoch=1740232448&all_sr_blocks=576502101_392321454_2_1_0_316572&highlighted_blocks=576502101_392321454_2_1_0_316572&matching_block_id=576502101_392321454_2_1_0_316572&sr_pri_blocks=576502101_392321454_2_1_0_316572_300520&from=searchresults
